{
    "total_runtime": 9689.642121553421,
    "num_documents": 208,
    "input_load_time": 0,
    "workflows": {
        "create_base_text_units": {
            "overall": 0.39760541915893555
        },
        "create_final_documents": {
            "overall": 0.0566859245300293
        },
        "extract_graph": {
            "overall": 5450.891888856888
        },
        "finalize_graph": {
            "overall": 0.14218473434448242
        },
        "create_communities": {
            "overall": 0.37943482398986816
        },
        "create_final_text_units": {
            "overall": 0.1043696403503418
        },
        "create_community_reports": {
            "overall": 4032.048428297043
        },
        "generate_text_embeddings": {
            "overall": 205.5027780532837
        }
    }
}